relative_path,bytes,sha256
.gitattributes,186,1bdad470ad401573612a3d089d8f6e7e23eed70a2fdba4e7ed88c54ba1193587
.github/workflows/validate.yml,328,fdd20c542f70051a20a9e0c704ede445a62d71e3f16fcb800a07d568be4cfe0b
.gitignore,360,58261c09f4f0c92da310508672ecb99a47d1b46b26590a0f5d8010276dfa5790
CHANGELOG.md,1880,4825b75c1626e7ab4bb4148e3ce3df2a2ae025c1bc67134366b4268f9a923ae1
CITATION.cff,737,18f4e38d20ad941d7b64f0d1dbf65034dc63cd1a5cbcefa33753fb598273c7d5
LICENSE,1734,2b3d687d558c00716daa7b5ceb4921fd6ace5d774310cf0c78ee48ff2c2b5180
README.md,5265,7b66a38b32e75eb49c65390e33ae367318912faa009be9b76d6304086d4df6c9
data/README.md,1480,909e0dd1d9fe3fd8e53f5154dea1479ae6955b8af58d42b8abbd5da77c8c847a
data/private/.gitkeep,1,01ba4719c80b6fe911b091a7c05124b64eeece964e09c058ef8f9805daca546b
docs/FILE_INVENTORY.md,2235,86a6c32fc6ae9970973f49052e58a3c27f0276da3365f9e71987075416d22629
docs/PROVENANCE.md,1785,a17b7b532977c73784f01fa8a51d23e62e5618ff105aef3d8ddc7c641b16e431
docs/RELEASE_CHECKLIST.md,1336,d403aa7f9dd2c76fa35e364b220fc7088969ef02bb055b92e97aebc4b168054d
docs/REPRODUCIBILITY.md,2428,df9f8866cee70a4df73a79fd7b28b9952ca7738e5a84017b290b1b032d4de31f
docs/RESULTS_VALIDATION.md,1410,0dd72a51832ac1048a1059ef64f0d1d954a8bde13fd778541eea1a5492e4fb45
environment.yml,193,5a6de86d4b657d538f8de3a7d4fd67942e02a101c7c862172f0709a4dbf040c6
figures/main/Figure1_experimental_setup.png,914402,86796e0b4732c9751d2c39f0fe3f6a563005d0b10f5015f7f24df40d5d7ebcc1
figures/main/Figure1_experimental_setup.svg,9180,4a084bdadf57df879507cc17c208e8009039a8dcf6f31b0bb21b342d4bd6f155
figures/main/Figure2_dwell_ramp_domain_validation.pdf,81498,0af72b971600b870c4c1545f0c9aae34e7d0af65a641af458220e31eaf706f10
figures/main/Figure2_dwell_ramp_domain_validation.png,834908,f56c82a9d4ca3dde6ba4baa817ad85fe5776bef9052eff08095625f0853d4c9c
figures/main/Figure3_TG_DTG_profiles.pdf,79685,d195f12d3b5245fbacfdae823fe74188a9dcb63ebf7ee5dbda4feed8337427ad
figures/main/Figure3_TG_DTG_profiles.png,902340,34f7b4fcb63c95e11d7032f108df4bf8d30e7be3e14622f23446f7b5d364070c
figures/main/Figure4_apparent_activation_energy.pdf,71777,25ee5d729283dbc9cbed85aee593373b1fd6d49d9948ef815402c869bdcde3f8
figures/main/Figure4_apparent_activation_energy.png,446595,1ea9092f41ece9f2784001d0454e389df0fb18c6d7c884f9a007a58f08b7966a
figures/main/Figure5_activation_enthalpy.png,751119,8d674c2af0084297b0ae14fb8298f8ce6e0751d94cd41e09dfd28b7c31dd82ff
figures/main/Figure6_ML_holdout_predictions.png,853671,7a9418b0646b2e6c8875d8baf962d00e001f372dbdd2ec251f2c0a5d2668b117
figures/main/Figure7_ML_model_performance.png,299879,3287c7d2745d5e5a33a00c5017f22df90e1b868b5d6531fe0b559c6011c4e69e
figures/main/Figure8_ML_atmosphere_resolved_performance.png,262594,4476c8a6caa02ee8d922c9d5bdb90f94223233095dcfbab6a1ee4b82700d8318
figures/supplementary/FigureS1a_regression_N2.pdf,67469,de6c2c7d69b36f197b99da124d4dfbbc5f61bc8b3dd100ff4e64067bdfd5db31
figures/supplementary/FigureS1a_regression_N2.png,404979,bd828827737eba531517d0b9e0163140f7394ed22a2715cdaadc94ca190920b6
figures/supplementary/FigureS1b_regression_Air.pdf,79994,e0deecc82a8b6aecef974581fe2cbbb3575b63d2fa586caea5bdf7e00b883541
figures/supplementary/FigureS1b_regression_Air.png,441726,a694a46e9e8e2e28f494f9f08dc370297498951ba507039a1294d127cf1a0de2
figures/supplementary/FigureS2_time_domain_mass_comparison.pdf,52545,0ac4bd1578607f4ae94fcce9103e87263ebbb355656cb8a4b221621954d181b7
figures/supplementary/FigureS2_time_domain_mass_comparison.png,302785,06e94b0883a04ce35523339f73ecb802491785c9b728b9d86ad0cc37f24e0f8c
figures/supplementary/FigureS3_RF_posthoc_sensitivity.png,408410,06c1430725c607c09df1de1f99e518f67c591274c172a5c724275f93331d56aa
figures/supplementary/FigureS4_GBR_posthoc_sensitivity.png,346022,03dc435245f7903240bc3a56b214449f5f03a7d0bd16c74918085bf7544e53e7
figures/supplementary/FigureS5_feature_ablation.png,282074,9713334681889bee4b5d9dc67fb66bf5f2a3c20b203e4095cb6d2d4c7f745430
figures/supplementary/FigureS6_RF_sensitivity_grid.png,496360,c2cf1b981b81fa5dd6968a32b28852d8473bf7d6953137e3da997f3f760f4841
figures/supplementary/FigureS7_GBR_sensitivity_grid.png,320315,f52fd2329839d65fed02a52b4ddcfa4e7c99ff37cd33649ba1a6c09ab5865fe5
notebooks/ML_analysis_executed.ipynb,337649,552a54f165d01e6857e3d3243e221019bfece66545fd58bc6e8ffe69c517593d
notebooks/ML_analysis_executed.pdf,274814,38d7505a8e85bdc716decae4996bb3aa4b93878a70dcef4153b487bba71ddfd7
notebooks/README.md,736,a510a2b88debc10380947f761282872f73ab0725cd511dddb24049d44d4bf909
notebooks/kinetics/01_build_canonical_pipeline.ipynb,11891,924724e607d956ad5bb3e38be9fa857ed00f0d2eb6ce8d4d2f57996e75a15ddc
notebooks/kinetics/02_build_figure2_dwell_ramp_validation.ipynb,267156,cac0c8f0c771c3d9750a9c284e3b4d4f1b3be6444eac617b9641b1a8f5c56158
notebooks/kinetics/03_build_figure3_TG_DTG_profiles.ipynb,302586,187318511797e2a26f13619e6c218fbbbf2a93df7b7acee7c74730b0bc244434
notebooks/kinetics/04_build_figure4_activation_energy.ipynb,10862,62324731c41c225abc4813240bd0044b88697f26f8d4e8dd3046452aee3881a2
notebooks/kinetics/05_build_supplementary_regression_diagnostics.ipynb,27022,4c8a84622c85b79e266f6dc8b6f9b5d08e186a2610b456e027f5582e8ea25d4b
notebooks/kinetics/06_build_figure5_activation_enthalpy_with_CI.ipynb,12054,dbadac057e2343ca4cb5127ec991cddbcc6249b0db59a3754b04ed790243f737
notebooks/kinetics/07_build_canonical_reconstruction_validation.ipynb,28110,ecf1a9088a45928708a3c7265bd736bf6db6e68d39a64b8f9a4a12e46c287395
notebooks/kinetics/08_build_preprocessing_sensitivity.ipynb,20910,42c055fb4861b2af4838299ba3b94e3daea6662feaa1afcccf904d68b1f243d6
notebooks/kinetics/09_build_manifest.ipynb,2159,a573b16b3a501a1cee8b8fa8a4027ed5e280049714f6630efad577eda53b01b9
requirements.txt,96,4c894671a07880f919007fe19e6ced6eb7720fff956a46e7804816d98f30d7e3
results/kinetics/Air_Baseline_Sensitivity.csv,2214,5274e8a59b8bd4110c860e51a2fd6cc38a5c0a6897d253a64cb553f2dd2e3961
results/kinetics/Air_DTG_Wiggle_Materiality.txt,418,f1ffa8adcf50677fa5952e6cda9cf945f4c2682c168937ecc793fb21317475e6
results/kinetics/Arab_Light_Kinetics_Consolidated_Results.xlsx,41945,27e52ddd6ddd5cb78bae64b0fee8fc64d9dd90fc0deab5cb5a0d770ea1d54c32
results/kinetics/Canonical_Ea_validation.csv,495,c9fb0423a63bef549cf98cb9dd8a130932622702edd943c13af33beee55b6169
results/kinetics/Canonical_Reconstruction_all_42_regressions.csv,4516,a1c3228a707f3e6cf5c622d61df449e10f8ec5583c03efc9a0caec56a632ee5b
results/kinetics/Canonical_Reconstruction_all_Talpha_deltas.csv,2479,c147baeb0222f0974351fef975764ec409ebe720fc9b67455b4287777be4e642
results/kinetics/Canonical_Reconstruction_comparison_vs_authoritative.csv,8080,80bbd11bf277d21f233d3f34b535242d30517c323d62b268edc5a6d529d9d185
results/kinetics/Canonical_Reconstruction_hashes.json,730,827c6b15fb6ff7095cefe34ee3bf73fe9e5b510d8da851fa990af1a614a59add
results/kinetics/Canonical_Reconstruction_mass_reference_points.csv,541,7416600b016cc70f647043747018b3ed6cd446180956bf973fd2a077c5ef7bae
results/kinetics/Canonical_Reconstruction_provenance.txt,731,9f7325a7f30dfbcfa452ec6f667435c59c416b76c5aa2ad62c4b7336dcf7e8eb
results/kinetics/Canonical_Talpha_validation.csv,2499,621b40d93a6c7f37c4187c32286614353c300053c168025b39010628cdff26c4
results/kinetics/Canonical_mass_reference_points.csv,342,d8bacba56ca8800e1c27a1bbb5d98ed2f56b11d74d54e85eddee901c16d53cf9
results/kinetics/Canonical_pipeline_m0_mf.csv,342,d8bacba56ca8800e1c27a1bbb5d98ed2f56b11d74d54e85eddee901c16d53cf9
results/kinetics/Figure2_Ramp_Onset_Sensitivity.csv,1303,bb0ec64dbe712b0e6323de9bffa5be3c39e23425e229994e29ff6a04538ae817
results/kinetics/Figure2_Threshold_Sensitivity.csv,3338,a2ad2740f301600fca168fd038c1ce9e20d63a5862b6f2cf4f0a41e2f25a55de
results/kinetics/Figure3_stable_ramp_onsets.csv,208,7eedb6fb49a6e642038388f79971d66bc046f75087e578151df5ef4e37a503ae
results/kinetics/Figure3_terminal_baseline_disclosure.csv,473,6a22538e743da0c8bfbf352fea3e4a2744a3f34a88474665e1e73ad44d4aabca
results/kinetics/Figure4_all_regressions_with_CI.csv,10231,e4eddb48908f46b2b90202153a5011f581edb806dda80c28b6333167b4627e94
results/kinetics/Figure5_activation_enthalpy_data.csv,8462,b47a49aa610e80deb4067c30edd8ce7cca7186cb1c932aec142da4abf1ca9cd1
results/kinetics/FigureS1_R2_Matrix.csv,932,5abafa1241d5a335b3711a8a10075f656dee92a06002752763b143d3187a74bb
results/kinetics/FigureS1_Regression_Diagnostics.csv,11359,fd151ad78ee999dd9fb8df23f6a956a24e834834b0c0e5c580e3d52c8f73f583
results/kinetics/FigureS1_Talpha_Inputs.csv,729,1d18e3dc3c9e0b039ac0899973dc1a5d3661d83499d04f4d04e1c21bf19a5f4f
results/kinetics/FigureS1_captions.txt,1114,350bcd01620fb6524dcedd0970d077022858f9f4d174927e743eacff91d03e61
results/kinetics/FigureS1_protocol.json,2347,1fe31f326ee7ac593788ff0547b58f1bdbeb7813ac34067b61801bd173d29a91
results/kinetics/SG_Window_Sensitivity.csv,4204,6827cec9ca80d42059c60a2ee86f4c5835ca88e847619905d38a5bdd53e351d2
results/ml/Ablation_Results.csv,2542,d4074195495c81898ca3bc491c3fae553306ed85cb34ffeeed653503b4689071
results/ml/Ablation_Summary.csv,1070,b3f8ddcbc308ad78e4044d9ba932a9aa28e47e1d3dbe5b791b28d90f18c1fade
results/ml/Arab_Light_TGA_ML_REVISED_Results_FINAL_WITH_FIGURES.xlsx,1118205,474e0618cfb20da39077841744331858794a61502265d9c9d2ebd5390fdba424
results/ml/Deterministic_Baseline_Results.csv,1312,7908337f0360ca1b0417f54c650f79b9685f45feda81c8484f56e4b5756dbdbd
results/ml/Deterministic_Baseline_Summary.csv,590,9ca6129bf831ffb5cbdfa9ca7215cbd9ebc17718dc5e7659087e90b4596eaedb
results/ml/GBR_Representative_Sensitivity.csv,2737,4302c48179812868b07fd16be240d750b32daf67d7c7b92e20e81c553c50a79e
results/ml/Holdout_Results.csv,2917,2162eef7aff03e10b58fd73ab95dfeacb5942c339e7213b8c4c1723cc941bb0a
results/ml/Holdout_Summary.csv,1251,9d9d05c159590bf2730454dc798f3925e4c472414d50613db9641c4ce27f9312
results/ml/MLR_PLSR_Equivalence_Audit.csv,115,fe5df1b3866261d980d4bf498c1d7f09b070a82fcd61a356e3cc252bd11ab58c
results/ml/RF_Representative_Sensitivity.csv,1339,76eee3bd1c078932bc3ebfa735be0902eb9a933ad3545bc109201b45d91bb852
results/ml/RF_Six_Holdout_Depth_Summary.csv,834,72c6af7d74ffc769e09a82b74fe06081d7e847c593e1533a9f20d8d8f8b6d80e
results/ml/Random_Benchmark.csv,663,b75b8ee987584c8447744910423277f26b7ae30d8dcc030712d8905b95353c8c
results/ml/Random_Summary.csv,1267,0719baae4e3e30ac571db0ffde0279d683d2b249d1c6759576c51ed63141e636
results/ml/Software_Environment.csv,132,1cf959e64763f4ca2d53576474fba1be50024654b808e356f68d878050d6b6c0
run_all.py,949,e3cc320f2a4f8e0f1ddaa006aec3bdd7dc567b34a180c8870b806e578838c8fd
src/kinetics/01_build_canonical_pipeline.py,5389,92310eaaa5c09505c6cdf380491d6334e5c7c099c5ac573a8d5fdf2c8185284d
src/kinetics/02_build_figure2_dwell_ramp_validation.py,9577,d6e254d956a8f1f2d07645fe55b755f90261ad3f94efc8b9e62a21a522b058e0
src/kinetics/03_build_figure3_TG_DTG_profiles.py,6484,996d108513344b45c040745ac10a40a02286ab6168a6788137b1863516193b20
src/kinetics/04_build_figure4_activation_energy.py,7063,54ea0f0ad55bc454e5bdb75398f45331395480720880cdedfa9f0e2cc9f54835
src/kinetics/05_build_supplementary_regression_diagnostics.py,18981,c723ecfeced10c6c6ea7a461c32452ad388b61b650424f7419ffbacae2eb8c42
src/kinetics/06_build_figure5_activation_enthalpy_with_CI.py,7864,22ffb1bea5dfbdde92e03e0660127adf4957490c216b134a77ab5b2c737fce2e
src/kinetics/07_build_canonical_reconstruction_validation.py,12393,c32cd946d99f4fb55bb6a822cf1b3b866c15a0fd3008b63cf0ffa4bed93365e6
src/kinetics/08_build_preprocessing_sensitivity.py,8932,69736f8a9b66f0fa66b953dbce58d04af8622a1e71a98f0dd51217783bcea6f9
src/kinetics/09_build_manifest.py,606,0848724ca52c85fab66c1a27646dfcc70be227f6685ccc5c03787e225d2f0331
src/kinetics/README.md,514,81d850ea238fcd60e61c78daf658edbaf6a9e7b9457b4a24077755e4ad6325a2
src/kinetics/alc_core.py,7861,7f8f40a673dba47b084c5e54841cc39da6b8570cec5ab13fbf3775d0f2c5b2e7
src/kinetics/kinetics_regression_core.py,18445,74ea92476c1d9f639bef76a592607fb633214deb7f9a4426c4fc0644b534b247
src/kinetics/run_all_latest.py,669,41f261166fc42e8be496e45b812847e23b46fac2e7eec5e94e68264a6a69c385
src/ml/README.md,447,1dff70044a510600cd7efebce9b014aed653eb7cd5e8351c60b634b4ca8e8a48
src/ml/run_ml_analysis.py,23039,8c93655c3d64b55aab33b7042d5bba1a8b54f0ba741bfb1b586b7c14462a3b3b
tests/test_repository.py,3613,8021b81ef252aa8ca2a8f563dd07fff0c034f11aa9e9597681b40cf57227d296
