baseline_mode,alpha,T5,T10,T20,Ea_kJ_mol,delta_Ea_vs_canonical
constant_1000K,0.2,408.18813289768326,432.42372378615823,466.0199318855945,30.54010930762144,0.0
constant_1000K,0.3,451.3991813846739,475.04266808253215,507.01811697657274,39.33683907855031,0.0
constant_1000K,0.4,491.0084220403607,514.4753740639438,545.6012161857103,47.80516169426023,0.0
constant_1000K,0.5,531.0600533488678,554.4286615528412,585.7019217160833,56.13185378934578,0.0
constant_1000K,0.6,573.466095238988,597.3548849164478,626.920510177248,67.45122983999507,0.0
constant_1000K,0.7,618.7989674466753,640.5184017629416,665.076042738621,91.8158563675364,0.0
constant_1000K,0.8,688.5040052173734,700.8954362392004,709.0043811866487,258.3798622468073,0.0
none,0.2,408.01331590362565,431.2225723624067,467.1613200986206,29.60213389087949,-0.9379754167419492
none,0.3,451.27062077466127,474.1552458264883,507.8877919932203,38.4156369704267,-0.9212021081236159
none,0.4,490.90066699321613,513.7304956488147,546.3443667528661,46.854603205759176,-0.9505584885010521
none,0.5,530.9666199040548,553.7847033343725,586.3939632957266,55.110214967046915,-1.0216388222988684
none,0.6,573.3859397963438,596.7860933372004,627.3976241345543,66.59060043576932,-0.8606294042257474
none,0.7,618.7365661119062,640.1145564434854,665.4649404686647,90.81239751937996,-1.0034588481564413
none,0.8,688.4158479085032,700.5638491747033,709.3015648292176,255.05281570054385,-3.3270465462634604
mean_last_20,0.2,408.18393901538246,432.4270380021272,465.9932836185875,30.55391323727952,0.013803929658081415
mean_last_20,0.3,451.3960971990099,475.04511940302535,506.99785809652633,39.350765522728956,0.013926444178643749
mean_last_20,0.4,491.00583355951346,514.4774391495787,545.583912371912,47.819774985962724,0.014613291702495701
mean_last_20,0.5,531.0578109929405,554.430446716595,585.6858437850914,56.14801389527589,0.016160105930104862
mean_last_20,0.6,573.4641722995506,597.3564593620599,626.909349670217,67.46399256845055,0.012762728455484762
mean_last_20,0.7,618.7974704305823,640.5195204380152,665.0669848069524,91.83151168972952,0.015655322193126153
mean_last_20,0.8,688.5018903121302,700.8963547546962,708.9974696113421,258.41706391485576,0.037201668048453485
