atmosphere,beta,alpha,T_alpha_canonical_K,T_alpha_reconstructed_K,delta_T_alpha_K
N2,5,0.2,406.028,406.0312758419575,0.0032758419574747677
N2,5,0.3,447.288,447.29168349534865,0.0036834953486390987
N2,5,0.4,485.182,485.1871405791945,0.005140579194460315
N2,5,0.5,523.453,523.4587199191037,0.005719919103739812
N2,5,0.6,563.753,563.760595224946,0.007595224945930568
N2,5,0.7,607.702,607.7120251476648,0.010025147664805445
N2,5,0.8,660.802,660.8160426922758,0.0140426922757797
N2,10,0.2,426.291,426.2963373064262,0.0053373064262132175
N2,10,0.3,469.206,469.2128017196727,0.006801719672694162
N2,10,0.4,507.994,508.0033543872656,0.009354387265545938
N2,10,0.5,546.963,546.975196923573,0.012196923573014828
N2,10,0.6,587.802,587.8169727295593,0.014972729559303843
N2,10,0.7,632.436,632.4556607353859,0.019660735385855332
N2,10,0.8,684.221,684.2458053197312,0.02480531973117195
N2,20,0.2,445.526,445.5281608493603,0.002160849360279826
N2,20,0.3,489.164,489.1658390887048,0.0018390887047985416
N2,20,0.4,527.927,527.9294546503778,0.0024546503777855833
N2,20,0.5,566.726,566.7298103380515,0.003810338051494
N2,20,0.6,607.389,607.3933551328572,0.004355132857199351
N2,20,0.7,651.658,651.663832965446,0.005832965445961236
N2,20,0.8,701.679,701.6860694383416,0.007069438341659406
Air,5,0.2,408.312,408.18813289768326,-0.12386710231675124
Air,5,0.3,451.49,451.3991813846739,-0.09081861532609992
Air,5,0.4,491.084,491.0084220403607,-0.07557795963930403
Air,5,0.5,531.126,531.0600533488678,-0.06594665113220799
Air,5,0.6,573.522,573.466095238988,-0.055904761012016024
Air,5,0.7,618.842,618.7989674466753,-0.0430325533246787
Air,5,0.8,688.563,688.5040052173734,-0.058994782626541564
Air,10,0.2,432.578,432.42372378615823,-0.15427621384174017
Air,10,0.3,475.157,475.04266808253215,-0.11433191746783677
Air,10,0.4,514.572,514.4753740639438,-0.09662593605617076
Air,10,0.5,554.513,554.4286615528412,-0.08433844715887062
Air,10,0.6,597.429,597.3548849164478,-0.07411508355221486
Air,10,0.7,640.572,640.5184017629416,-0.05359823705839517
Air,10,0.8,700.94,700.8954362392004,-0.0445637607996332
Air,20,0.2,466.123,466.0199318855945,-0.10306811440551655
Air,20,0.3,507.095,507.01811697657274,-0.07688302342728548
Air,20,0.4,545.666,545.6012161857103,-0.0647838142897399
Air,20,0.5,585.76,585.7019217160833,-0.05807828391664316
Air,20,0.6,626.959,626.920510177248,-0.03848982275189883
Air,20,0.7,665.104,665.076042738621,-0.027957261379015108
Air,20,0.8,709.022,709.0043811866487,-0.017618813351305107
