atmosphere,alpha,model,R2_reconstructed,R2_canonical,delta_R2,Ea_reconstructed,Ea_canonical,delta_Ea,SE_reconstructed,SE_canonical,delta_SE
N2,0.2,FWO,0.9982532006161143,0.9982595073270533,-6.3067109389303155e-06,50.09408121125841,50.092336472534434,0.0017447387239784007,2.0954995643661634,2.091633848119293,0.0038657162468704875
N2,0.2,KAS,0.9978661073800196,0.9978741490834594,-8.04170343982058e-06,45.63281556696363,45.631019002901056,0.0017965640625732249,2.1102184240188695,2.1061470186559266,0.004071405362942926
N2,0.2,Starink,0.9978847211815953,0.9978926788917021,-7.957710106754057e-06,45.87875887455528,45.87696219179579,0.001796682759490409,2.112298469950639,2.108230505833966,0.004067964116672762
N2,0.3,FWO,0.9972156191043626,0.9972272337014331,-1.1614597070441768e-05,57.09050117048,57.087966791985245,0.002534378494758016,3.0167105498069664,3.010260943933558,0.0064496058734082595
N2,0.3,KAS,0.9965557123689203,0.9965705231395688,-1.4810770648576721e-05,52.28870986758556,52.28608002881364,0.0026298387719165817,3.074021078168428,3.067227597152801,0.006793481015626934
N2,0.3,Starink,0.9965873649399949,0.9966020217338539,-1.4656793859035844e-05,52.55748377511584,52.554854586598466,0.002629188517374814,3.0755429805930463,3.0687552695717826,0.006787711021263743
N2,0.4,FWO,0.9960196138694882,0.9960383724565127,-1.875858702449218e-05,65.39867304420277,65.39479832785393,0.0038747163488324077,4.134258169299516,4.124221586417917,0.010036582881598477
N2,0.4,KAS,0.9950764845797063,0.9951001896661554,-2.3705086449110624e-05,60.39227900236757,60.388252975141306,0.004026027226267104,4.248061919377836,4.237490092890723,0.010571826487113078
N2,0.4,Starink,0.9951213596035354,0.9951448287725007,-2.346916896522888e-05,60.680019987982554,60.675995173632764,0.0040248143497905176,4.248710058320233,4.238147215758965,0.010562842561268049
N2,0.5,FWO,0.9947198002735371,0.9947482587671376,-2.8458493600447277e-05,74.71973475613832,74.71725625818746,0.0024784979508609695,5.443899702913562,5.428951742252267,0.014947960661294779
N2,0.5,KAS,0.9935027203716026,0.9935383277505551,-3.560737895247357e-05,69.55777820840918,69.55523196818044,0.0025462402287388386,5.625057293459024,5.609316605306826,0.015740688152198423
N2,0.5,Starink,0.9935601080148633,0.9935953776164389,-3.5269601575627085e-05,69.863782492617,69.86123584412269,0.002546648494316628,5.624634593544542,5.6089071047248105,0.015727488819731406
N2,0.6,FWO,0.9935644166863065,0.9936022649285592,-3.784824225272487e-05,85.43228070319233,85.42742781215354,0.0048528910387943824,6.875716226541538,6.854948080093786,0.020768146447752045
N2,0.6,KAS,0.9921473912643743,0.9921941383961327,-4.674713175834011e-05,80.15449106595561,80.14946401308984,0.005027052865770543,7.130939354128757,7.109068803211258,0.02187055091749901
N2,0.6,Starink,0.9922135742508319,0.9922599054735717,-4.633122273978163e-05,80.47891866037946,80.47389250090102,0.005026159478447312,7.129328456011671,7.107476285264793,0.021852170746877952
N2,0.7,FWO,0.9915242092725427,0.991580450075324,-5.624080278132659e-05,97.88630383383122,97.88002908873675,0.006274745094472678,9.050245939729193,9.019335668285336,0.030910271443856274
N2,0.7,KAS,0.9897435928818142,0.9898122239778521,-6.863109603783002e-05,92.52331488749438,92.5168187345313,0.0064961529630807036,9.418624010530134,9.38607410069828,0.032549909831853796
N2,0.7,Starink,0.9898259927458712,0.9898940506418765,-6.805789600528023e-05,92.86714424192866,92.86064908993222,0.006495151996432469,9.415181254249575,9.382658654668246,0.03252259958132875
N2,0.8,FWO,0.9898062073755296,0.9898875412047403,-8.133382921071686e-05,123.03894129555484,123.0242066237855,0.014734671769332408,12.486346890998306,12.434434139270106,0.051912751728199424
N2,0.8,KAS,0.9879581165411346,0.9880545742988068,-9.6457757672197e-05,118.1248684696398,118.10951160796309,0.015356861676707467,13.041251822383032,12.986592786472897,0.054659035910134435
N2,0.8,Starink,0.9880419091741535,0.9881376823523375,-9.577317818398878e-05,118.4825663275091,118.46721598558506,0.015350341924047939,13.034599547023085,12.979986074734628,0.05461347228845703
Air,0.2,FWO,0.9968900397803271,0.9969750906559872,-8.505087566013092e-05,35.92686508907747,35.96171579516795,-0.0348507060904808,2.0066568486004885,1.9808629653423988,0.025793883258089734
Air,0.2,KAS,0.9946148501416732,0.9947553235064803,-0.00014047336480715877,30.540109307621304,30.57496931133219,-0.034860003710885934,2.247201490350011,2.2200729548040607,0.027128535545950072
Air,0.2,Starink,0.9947406763250543,0.994878102690424,-0.00013742636536973052,30.805662887954483,30.8405670858709,-0.03490419791641841,2.2399615816597143,2.2128544666202363,0.027107115039477936
Air,0.3,FWO,0.997151294371626,0.9972153193219345,-6.402495030854993e-05,44.95691804246125,44.98694091795815,-0.030022875496904078,2.402922639990372,2.3772764731292115,0.025646166861160502
Air,0.3,KAS,0.9954510757589697,0.9955493006560086,-9.822489703881221e-05,39.336839078550135,39.36709584810744,-0.030256769557304608,2.6591562140924725,2.6321832466478696,0.02697296744460287
Air,0.3,Starink,0.9955410699575652,0.9956374951981263,-9.642524056108215e-05,39.62345386354407,39.65373949641367,-0.03028563286959951,2.6517835234008498,2.6248318452949926,0.02695167810585719
Air,0.4,FWO,0.9974090204213241,0.997463485602057,-5.446518073293216e-05,53.62609114117602,53.65425165387224,-0.028160512696217666,2.7332004979611915,2.7056667501804808,0.027533747780710716
Air,0.4,KAS,0.9960657668389788,0.9961455328285177,-7.976598953884917e-05,47.80516169426026,47.83368038147454,-0.028518687214273086,3.0044212955179272,2.975463156498777,0.02895813901915023
Air,0.4,Starink,0.9961348944240694,0.9962133661149578,-7.847169088837092e-05,48.111052299870636,48.13959240188905,-0.028540102018411062,2.996860032625175,2.9679247472886043,0.028935285336570526
Air,0.5,FWO,0.9969108566851757,0.9969613400220154,-5.0483336839768356e-05,62.176313770715474,62.202307317022935,-0.0259935463074612,3.4611134598513913,3.434064031032484,0.027049428818907373
Air,0.5,KAS,0.9955092062839916,0.9955805515753618,-7.134529137020618e-05,56.131853789345946,56.158220339978406,-0.026366550632459962,3.7700603134302733,3.741615615480277,0.028444697949996378
Air,0.5,Starink,0.9955798099010694,0.9956501089796782,-7.029907860878204e-05,56.457792687094155,56.48417727645858,-0.026384589364425892,3.761892041650341,3.733469629583299,0.02842241206704177
Air,0.6,FWO,0.998721889349559,0.9987612257735555,-3.933642399656101e-05,73.59615319546704,73.63473531995803,-0.0385821244909863,2.6327950779948006,2.5932714196983806,0.03952365829642002
Air,0.6,KAS,0.9981587531031667,0.9982132636139003,-5.451051073357416e-05,67.45122983999514,67.49109507668338,-0.039865236688243044,2.8969838675855577,2.8553874580697673,0.041596409515790356
Air,0.6,Starink,0.9981866777218995,0.9982404415099241,-5.376378802457449e-05,67.79587007679916,67.83573234999973,-0.03986227320056912,2.889580865072023,2.8480184063628347,0.04156245870918829
Air,0.7,FWO,0.9997859751112009,0.9997984743667927,-1.249925559176912e-05,97.41726281225316,97.4610998633978,-0.04383705114464931,1.425327100591767,1.3836945185511127,0.04163258204065423
Air,0.7,KAS,0.9996925069661657,0.9997093005841828,-1.679361801709689e-05,91.81585636753644,91.86142464664435,-0.04556827910791128,1.6102826419581369,1.5664566823446953,0.0438259596134416
Air,0.7,Starink,0.9996970190302512,0.9997136089342735,-1.658990402231275e-05,92.16880548758449,92.21435925562581,-0.045553768041315834,1.60456544831429,1.5607756598636409,0.04378978845064907
Air,0.8,FWO,0.9837106212580515,0.983566720396117,0.00014390086193449836,256.6461929799275,257.1560335188987,-0.5098405389712184,33.02580457711689,33.23968717213778,-0.21388259502089113
Air,0.8,KAS,0.9822864346294388,0.9821328006586051,0.00015363397083367758,258.3798622468048,258.9155816046269,-0.5357193578220745,34.69705234721044,34.92217793134525,-0.22512558413481543
Air,0.8,Starink,0.9823469850341001,0.9821937570896444,0.00015322794445571386,258.6374296138368,259.17274603408987,-0.535316420253082,34.671159182581306,34.896099970318254,-0.2249407877369478
