atmosphere,alpha,model,slope,intercept,R2,Ea_kJ_mol,SE_Ea_kJ_mol
N2,0.2,FWO,-6338.229643270564,17.20413808197869,0.9982532006161143,50.09408121125841,2.0954995643661634
N2,0.2,KAS,-5488.366195469085,3.0988419015562787,0.9978661073800196,45.63281556696363,2.1102184240188695
N2,0.2,Starink,-5522.360733381154,3.6630537487732013,0.9978847211815953,45.87875887455528,2.112298469950639
N2,0.3,FWO,-7223.46229571298,17.73961335637567,0.9972156191043626,57.09050117048,3.0167105498069664
N2,0.3,KAS,-6288.886277920343,3.4443818359992626,0.9965557123689203,52.28870986758556,3.074021078168428
N2,0.3,Starink,-6326.2693186320475,4.0161910968143175,0.9965873649399949,52.55748377511584,3.0755429805930463
N2,0.4,FWO,-8274.666349727679,18.641586279891715,0.9960196138694882,65.39867304420277,4.134258169299516
N2,0.4,KAS,-7263.521622012121,4.18900857947593,0.9950764845797063,60.39227900236757,4.248061919377836
N2,0.4,Starink,-7303.967411120745,4.767111687492566,0.9951213596035354,60.680019987982554,4.248710058320233
N2,0.5,FWO,-9454.027827587592,19.64478916222581,0.9947198002735371,74.71973475613832,5.443899702913562
N2,0.5,KAS,-8365.877796664981,5.045554334209685,0.9935027203716026,69.55777820840918,5.625057293459024
N2,0.5,Starink,-8409.403797901883,5.629523727330325,0.9935601080148633,69.863782492617,5.624634593544542
N2,0.6,FWO,-10809.44895988008,20.755726701486555,0.9935644166863065,85.43228070319233,6.875716226541538
N2,0.6,KAS,-9640.369407753626,6.013140550580429,0.9921473912643743,80.15449106595561,7.130939354128757
N2,0.6,Starink,-9687.132589838688,6.602843996616681,0.9922135742508319,80.47891866037946,7.129328456011671
N2,0.7,FWO,-12385.213135525884,21.95869557065351,0.9915242092725427,97.88630383383122,9.050245939729193
N2,0.7,KAS,-11127.996977878664,7.07085457958196,0.9897435928818142,92.52331488749438,9.418624010530134
N2,0.7,Starink,-11178.28562418455,7.666368219224815,0.9898259927458712,92.86714424192866,9.415181254249575
N2,0.8,FWO,-15567.688759622262,25.13458448705749,0.9898062073755296,123.03894129555484,12.486346890998306
N2,0.8,KAS,-14207.156119955831,10.089004110611574,0.9879581165411346,118.1248684696398,13.041251822383032
N2,0.8,Starink,-14261.577425542482,10.6908273256694,0.9880419091741535,118.4825663275091,13.034599547023085
Air,0.2,FWO,-4545.701124591058,12.77016544350285,0.9968900397803271,35.92686508907747,2.0066568486004885
Air,0.2,KAS,-3673.1308696898914,-1.3893810817996624,0.9946148501416732,30.540109307621304,2.247201490350011
Air,0.2,Starink,-3708.03367988594,-0.8229992207875583,0.9947406763250543,30.805662887954483,2.2399615816597143
Air,0.3,FWO,-5688.242277667976,14.23409851508802,0.997151294371626,44.95691804246125,2.402922639990372
Air,0.3,KAS,-4731.134275913962,-0.10970934729114568,0.9954510757589697,39.336839078550135,2.6591562140924725
Air,0.3,Starink,-4769.4185959841225,0.4640429672040227,0.9955410699575652,39.62345386354407,2.6517835234008498
Air,0.4,FWO,-6785.122559495933,15.45032756025081,0.9974090204213241,53.62609114117602,2.7332004979611915
Air,0.4,KAS,-5749.639380166997,0.9495081439748478,0.9960657668389788,47.80516169426026,3.0044212955179272
Air,0.4,Starink,-5791.058707340153,1.5295409206258839,0.9961348944240694,48.111052299870636,2.996860032625175
Air,0.5,FWO,-7866.952452703557,16.447464943231605,0.9969108566851757,62.176313770715474,3.4611134598513913
Air,0.5,KAS,-6751.110248158602,1.797417069993406,0.9955092062839916,56.131853789345946,3.7700603134302733
Air,0.5,Starink,-6795.743936340402,2.383418984922937,0.9955798099010694,56.457792687094155,3.761892041650341
Air,0.6,FWO,-9311.864965583081,17.86248657747399,0.998721889349559,73.59615319546704,2.6327950779948006
Air,0.6,KAS,-8112.5182633844115,3.068387231730382,0.9981587531031667,67.45122983999514,2.8969838675855577
Air,0.6,Starink,-8160.492131472361,3.6601512055601333,0.9981866777218995,67.79587007679916,2.889580865072023
Air,0.7,FWO,-12325.86700849865,21.53445700105094,0.9997859751112009,97.41726281225316,1.425327100591767
Air,0.7,KAS,-11042.909275588281,6.606036827650232,0.9996925069661657,91.81585636753644,1.6102826419581369
Air,0.7,Starink,-11094.227584904691,7.203173634586253,0.9996970190302512,92.16880548758449,1.60456544831429
Air,0.8,FWO,-32472.549028653008,48.73399228330654,0.9837106212580515,256.6461929799275,33.02580457711689
Air,0.8,KAS,-31075.95452803835,33.636554345697334,0.9822864346294388,258.3798622468048,34.69705234721044
Air,0.8,Starink,-31131.818308062928,34.24045186320169,0.9823469850341001,258.6374296138368,34.671159182581306
