atmosphere,test,alpha,T5_K,T10_K,T20_K,m0_beta5_pct,mf_beta5_pct,grid_end_K,m0_beta10_pct,mf_beta10_pct,m0_beta20_pct,mf_beta20_pct,FWO_Ea_kJ_mol,KAS_Ea_kJ_mol,Starink_Ea_kJ_mol,FWO_delta_vs_reference_kJ_mol,KAS_delta_vs_reference_kJ_mol,Starink_delta_vs_reference_kJ_mol
N2,reference,0.2,406.0312758419575,426.2963373064262,445.5281608493603,100.0,2.6287175518244705,1000.0,100.0,2.666481474231718,100.0,3.102807143068378,50.09408121125832,45.632815566963494,45.878758874555224,0.0,0.0,0.0
N2,reference,0.3,447.29168349534865,469.2128017196727,489.1658390887048,100.0,2.6287175518244705,1000.0,100.0,2.666481474231718,100.0,3.102807143068378,57.09050117047975,52.28870986758541,52.557483775115664,0.0,0.0,0.0
N2,reference,0.4,485.1871405791945,508.0033543872656,527.9294546503778,100.0,2.6287175518244705,1000.0,100.0,2.666481474231718,100.0,3.102807143068378,65.3986730442031,60.39227900236769,60.680019987982824,0.0,0.0,0.0
N2,reference,0.5,523.4587199191037,546.975196923573,566.7298103380515,100.0,2.6287175518244705,1000.0,100.0,2.666481474231718,100.0,3.102807143068378,74.71973475613777,69.55777820840865,69.86378249261655,0.0,0.0,0.0
N2,reference,0.6,563.760595224946,587.8169727295593,607.3933551328572,100.0,2.6287175518244705,1000.0,100.0,2.666481474231718,100.0,3.102807143068378,85.43228070319212,80.15449106595536,80.47891866037932,0.0,0.0,0.0
N2,reference,0.7,607.7120251476648,632.4556607353859,651.663832965446,100.0,2.6287175518244705,1000.0,100.0,2.666481474231718,100.0,3.102807143068378,97.88630383383001,92.52331488749331,92.86714424192759,0.0,0.0,0.0
N2,reference,0.8,660.8160426922758,684.2458053197312,701.6860694383416,100.0,2.6287175518244705,1000.0,100.0,2.666481474231718,100.0,3.102807143068378,123.03894129555529,118.12486846964008,118.48256632750962,0.0,0.0,0.0
N2,m0_onset,0.2,441.00481446450374,462.4040036496965,482.76380722241885,89.78766166449044,2.6287175518244705,1000.0,89.907230041482,2.666481474231718,89.81504772054775,3.102807143068378,55.76899541541094,51.002840957365045,51.26847186865591,5.674914204152621,5.370025390401551,5.389712994100684
N2,m0_onset,0.3,475.1678395468595,497.4600966101482,517.7636307905233,89.78766166449044,2.6287175518244705,1000.0,89.907230041482,2.666481474231718,89.81504772054775,3.102807143068378,63.11463953727687,58.15627166584548,58.43913352412093,6.024138366797125,5.86756179826007,5.88164974900527
N2,m0_onset,0.4,509.09723233533185,532.0980830530234,552.2355419954449,89.78766166449044,2.6287175518244705,1000.0,89.907230041482,2.666481474231718,89.81504772054775,3.102807143068378,71.13605814677292,66.02674053606067,66.32601542909106,5.7373851025698315,5.634461533692985,5.645995441108234
N2,m0_onset,0.5,544.2713598111241,567.8210216452625,587.791118320822,89.78766166449044,2.6287175518244705,1000.0,89.907230041482,2.666481474231718,89.81504772054775,3.102807143068378,80.15588806341913,74.9279125469997,75.24356096605548,5.436153307281359,5.370134338591058,5.3797784734389325
N2,m0_onset,0.6,581.5482891021073,605.6993966497869,625.4178930961199,89.78766166449044,2.6287175518244705,1000.0,89.907230041482,2.666481474231718,89.81504772054775,3.102807143068378,90.27389501684307,84.94983966595586,85.28234570506245,4.84161431365095,4.7953486000005086,4.803427044683133
N2,m0_onset,0.7,623.1564527472847,647.7624000589382,666.8974777107026,89.78766166449044,2.6287175518244705,1000.0,89.907230041482,2.666481474231718,89.81504772054775,3.102807143068378,103.23527646245559,97.89493404549853,98.24468137212126,5.3489726286255745,5.371619158005217,5.377537130193673
N2,m0_onset,0.8,672.852295210181,694.9842482081234,711.7172003557853,89.78766166449044,2.6287175518244705,1000.0,89.907230041482,2.666481474231718,89.81504772054775,3.102807143068378,133.76928971679382,129.22804401229078,129.58426654984225,10.730348421238531,11.103175542650703,11.101700222332639
N2,endpoint,0.2,406.12925520053983,427.04751758728224,445.7087199829089,100.0,2.52444413294894,1261.0,100.0,1.9179567968702091,100.0,2.9290251954738658,49.93210318875362,45.46178834579902,45.7078933994303,-0.16197802250469806,-0.1710272211644721,-0.170865475124927
N2,endpoint,0.3,447.4163288695877,470.1299629865218,489.38055658712807,100.0,2.52444413294894,1261.0,100.0,1.9179567968702091,100.0,2.9290251954738658,56.86303386493131,52.04861216964756,52.31761005985028,-0.22746730554843708,-0.2400976979378484,-0.23987371526538226
N2,endpoint,0.4,485.3489080350621,509.1847540373865,528.2053175327013,100.0,2.52444413294894,1261.0,100.0,1.9179567968702091,100.0,2.9290251954738658,65.02781408328194,60.00103443304167,60.289132166611296,-0.37085896092115433,-0.3912445693260196,-0.39088782137152833
N2,endpoint,0.5,523.6678747728777,548.5013556415843,567.0834832034293,100.0,2.52444413294894,1261.0,100.0,1.9179567968702091,100.0,2.9290251954738658,74.11790610527149,68.92316078936702,69.22973206105335,-0.6018286508662811,-0.634617419041632,-0.6340504315631961
N2,endpoint,0.6,564.0282795599902,589.7730918298782,607.8469854466596,100.0,2.52444413294894,1261.0,100.0,1.9179567968702091,100.0,2.9290251954738658,84.47097878309322,79.14116286238752,79.466481949525,-0.9613019200989044,-1.0133282035678377,-1.0124367108543169
N2,endpoint,0.7,608.0674829208,635.0404987830069,652.2543691055347,100.0,2.52444413294894,1261.0,100.0,1.9179567968702091,100.0,2.9290251954738658,96.27464762332536,90.82493695832028,91.17024045960883,-1.6116562105046484,-1.6983779291730343,-1.6969037823187563
N2,endpoint,0.8,661.3094694534614,687.4940414957781,702.392877148318,100.0,2.52444413294894,1261.0,100.0,1.9179567968702091,100.0,2.9290251954738658,120.21483771897603,115.1496809648895,115.50992615658313,-2.8241035765792617,-2.975187504750579,-2.972640170926482
N2,no_isotonic,0.2,406.0312758419575,426.2963373064262,445.5281608493603,100.0,2.6287175518244705,1000.0,100.0,2.666481474231718,100.0,3.102807143068378,50.09408121125832,45.632815566963494,45.878758874555224,0.0,0.0,0.0
N2,no_isotonic,0.3,447.29168349534865,469.2128017196727,489.1658390887048,100.0,2.6287175518244705,1000.0,100.0,2.666481474231718,100.0,3.102807143068378,57.09050117047975,52.28870986758541,52.557483775115664,0.0,0.0,0.0
N2,no_isotonic,0.4,485.1871405791945,508.0033543872656,527.9294546503778,100.0,2.6287175518244705,1000.0,100.0,2.666481474231718,100.0,3.102807143068378,65.3986730442031,60.39227900236769,60.680019987982824,0.0,0.0,0.0
N2,no_isotonic,0.5,523.4587199191037,546.975196923573,566.7298103380515,100.0,2.6287175518244705,1000.0,100.0,2.666481474231718,100.0,3.102807143068378,74.71973475613777,69.55777820840865,69.86378249261655,0.0,0.0,0.0
N2,no_isotonic,0.6,563.760595224946,587.8169727295593,607.3933551328572,100.0,2.6287175518244705,1000.0,100.0,2.666481474231718,100.0,3.102807143068378,85.43228070319212,80.15449106595536,80.47891866037932,0.0,0.0,0.0
N2,no_isotonic,0.7,607.7120251476648,632.4556607353859,651.663832965446,100.0,2.6287175518244705,1000.0,100.0,2.666481474231718,100.0,3.102807143068378,97.88630383383001,92.52331488749331,92.86714424192759,0.0,0.0,0.0
N2,no_isotonic,0.8,660.8160426922758,684.2458053197312,701.6860694383416,100.0,2.6287175518244705,1000.0,100.0,2.666481474231718,100.0,3.102807143068378,123.03894129555529,118.12486846964008,118.48256632750962,0.0,0.0,0.0
Air,reference,0.2,408.18813289768326,432.42372378615823,466.0199318855945,100.0,-0.00027514306394232696,1000.0,100.0,-7.219841169293733e-05,100.0,-0.0003016796755154448,35.92686508907758,30.54010930762144,30.805662887954533,0.0,0.0,0.0
Air,reference,0.3,451.3991813846739,475.04266808253215,507.01811697657274,100.0,-0.00027514306394232696,1000.0,100.0,-7.219841169293733e-05,100.0,-0.0003016796755154448,44.95691804246141,39.33683907855031,39.62345386354421,0.0,0.0,0.0
Air,reference,0.4,491.0084220403607,514.4753740639438,545.6012161857103,100.0,-0.00027514306394232696,1000.0,100.0,-7.219841169293733e-05,100.0,-0.0003016796755154448,53.62609114117607,47.80516169426023,48.111052299870686,0.0,0.0,0.0
Air,reference,0.5,531.0600533488678,554.4286615528412,585.7019217160833,100.0,-0.00027514306394232696,1000.0,100.0,-7.219841169293733e-05,100.0,-0.0003016796755154448,62.176313770715225,56.13185378934578,56.457792687094035,0.0,0.0,0.0
Air,reference,0.6,573.466095238988,597.3548849164478,626.920510177248,100.0,-0.00027514306394232696,1000.0,100.0,-7.219841169293733e-05,100.0,-0.0003016796755154448,73.596153195467,67.45122983999507,67.79587007679899,0.0,0.0,0.0
Air,reference,0.7,618.7989674466753,640.5184017629416,665.076042738621,100.0,-0.00027514306394232696,1000.0,100.0,-7.219841169293733e-05,100.0,-0.0003016796755154448,97.41726281225318,91.8158563675364,92.1688054875846,0.0,0.0,0.0
Air,reference,0.8,688.5040052173734,700.8954362392004,709.0043811866487,100.0,-0.00027514306394232696,1000.0,100.0,-7.219841169293733e-05,100.0,-0.0003016796755154448,256.6461929799295,258.3798622468073,258.6374296138392,0.0,0.0,0.0
Air,m0_onset,0.2,444.9946934650497,464.6050887827944,491.3180505288301,89.47241521896937,-0.00027514306394232696,1000.0,90.72649211971998,-7.219841169293733e-05,92.48872048220764,-0.0003016796755154448,51.52393754051725,46.42436581039773,46.698159941733465,15.597072451439672,15.884256502776292,15.892497053778932
Air,m0_onset,0.3,480.6516591636872,500.69023735557715,527.332543493079,89.47241521896937,-0.00027514306394232696,1000.0,90.72649211971998,-7.219841169293733e-05,92.48872048220764,-0.0003016796755154448,59.30943414086399,54.01857018296857,54.31012026808274,14.352516098402582,14.681731104418255,14.686666404538528
Air,m0_onset,0.4,516.109573375472,536.5225457143243,563.155891799715,89.47241521896937,-0.00027514306394232696,1000.0,90.72649211971998,-7.219841169293733e-05,92.48872048220764,-0.0003016796755154448,67.51029614453796,62.05296128630988,62.361786667285905,13.884205003361892,14.247799592049653,14.25073436741522
Air,m0_onset,0.5,552.9645677088963,573.6702490142284,602.2927705840766,89.47241521896937,-0.00027514306394232696,1000.0,90.72649211971998,-7.219841169293733e-05,92.48872048220764,-0.0003016796755154448,73.62949514053754,67.85664196203939,68.18615651386082,11.453181369822317,11.724788172693607,11.728363826766788
Air,m0_onset,0.6,592.316141381784,613.6775619399376,637.9969854816329,89.47241521896937,-0.00027514306394232696,1000.0,90.72649211971998,-7.219841169293733e-05,92.48872048220764,-0.0003016796755154448,90.61518625836644,85.10543881543107,85.44595153933446,17.01903306289944,17.654208975436006,17.650081462535468
Air,m0_onset,0.7,671.4449227468756,663.721837376364,674.313158343891,89.47241521896937,-0.00027514306394232696,1000.0,90.72649211971998,-7.219841169293733e-05,92.48872048220764,-0.0003016796755154448,115.62073624894204,110.51343752443746,110.8695249848282,18.203473436688853,18.697581156901066,18.700719497243597
Air,m0_onset,0.8,704.8050204483857,712.8410849709878,716.1407144695723,89.47241521896937,-0.00027514306394232696,1000.0,90.72649211971998,-7.219841169293733e-05,92.48872048220764,-0.0003016796755154448,460.2268072749767,472.3498701004693,472.4442639354331,203.5806142950472,213.97000785366197,213.80683432159395
Air,endpoint,0.2,408.2216351143376,432.46431115362867,466.0479502880226,100.0,-0.0352612801401595,1261.0,100.0,-0.04297900235292481,100.0,-0.03164228878192058,35.936117954390184,30.549351366233,30.814917221327377,0.00925286531260383,0.009242058611562243,0.009254333372844314
Air,endpoint,0.3,451.4414172138758,475.09413087877357,507.05468510206504,100.0,-0.0352612801401595,1261.0,100.0,-0.04297900235292481,100.0,-0.03164228878192058,44.97009229422179,39.35006929168708,39.63669864484456,0.01317425176038256,0.013230213136765201,0.013244781300343789
Air,endpoint,0.4,491.063562577572,514.5428139574657,545.6498098257118,100.0,-0.0352612801401595,1261.0,100.0,-0.04297900235292481,100.0,-0.03164228878192058,53.645046288640344,47.824275308266515,48.13018369680456,0.018955147464275512,0.01911361400628664,0.019131396933872225
Air,endpoint,0.5,531.1317042810641,554.5161092001296,585.7696482762248,100.0,-0.0352612801401595,1261.0,100.0,-0.04297900235292481,100.0,-0.03164228878192058,62.19889339442552,56.15449138883556,56.48045680187819,0.02257962371029265,0.022637599489776505,0.022664114784156197
Air,endpoint,0.6,573.5582619652253,597.470573097091,626.9910288358077,100.0,-0.0352612801401595,1261.0,100.0,-0.04297900235292481,100.0,-0.03164228878192058,73.64978010480715,67.50637118928303,67.85101827390294,0.053626909340152906,0.05514134928796466,0.05514819710394647
Air,endpoint,0.7,618.9105819292951,640.6462665076302,665.1650723921583,100.0,-0.0352612801401595,1261.0,100.0,-0.04297900235292481,100.0,-0.03164228878192058,97.49729565992955,91.89844583444277,92.25139308796446,0.08003284767636387,0.08258946690637003,0.08258760037985269
Air,endpoint,0.8,688.7743190071606,701.0781284147171,709.1210104097398,100.0,-0.0352612801401595,1261.0,100.0,-0.04297900235292481,100.0,-0.03164228878192058,258.7134003312222,260.5512865330497,260.80724915833946,2.0672073512927227,2.1714242862423703,2.1698195445002852
