atmosphere,alpha,model,T5_K,T10_K,T20_K,Tmean_K,Ea_kJ_mol,SE_Ea_kJ_mol,CI95_lower_kJ_mol,CI95_upper_kJ_mol,dH_kJ_mol,dH_SE,dH_CI_low,dH_CI_high
N2,0.2,FWO,406.028,426.291,445.526,425.9483333333333,50.092336472534434,2.091633848119293,23.51560856521777,76.6690643798511,46.55080497776976,2.091633848119293,19.974077070453095,73.12753288508642
N2,0.2,KAS,406.028,426.291,445.526,425.9483333333333,45.631019002901056,2.1061470186559266,18.86988377937491,72.39215422642721,42.08948750813638,2.1061470186559266,15.328352284610233,68.85062273166254
N2,0.2,Starink,406.028,426.291,445.526,425.9483333333333,45.87696219179579,2.108230505833966,19.08935375362028,72.66457062997131,42.335430697031114,2.108230505833966,15.547822258855604,69.12303913520664
N2,0.3,FWO,447.288,469.206,489.164,468.55266666666665,57.087966791985245,3.010260943933558,18.838974929054963,95.33695865491552,53.19220316034923,3.010260943933558,14.943211297418948,91.4411950232795
N2,0.3,KAS,447.288,469.206,489.164,468.55266666666665,52.28608002881364,3.067227597152801,13.313258206944994,91.25890185068228,48.39031639717763,3.067227597152801,9.417494575308979,87.36313821904626
N2,0.3,Starink,447.288,469.206,489.164,468.55266666666665,52.55485458659847,3.0687552695717826,13.56262184620443,91.54708732699252,48.65909095496246,3.0687552695717826,9.666858214568414,87.65132369535651
N2,0.4,FWO,485.182,507.994,527.927,507.03433333333334,65.39479832785393,4.124221586417917,12.99159447347668,117.7980021822312,61.179080317233684,4.124221586417917,8.77587646285643,113.58228417161095
N2,0.4,KAS,485.182,507.994,527.927,507.03433333333334,60.388252975141306,4.237490092890723,6.545836287359862,114.23066966292276,56.172534964521056,4.237490092890723,2.3301182767396122,110.01495165230251
N2,0.4,Starink,485.182,507.994,527.927,507.03433333333334,60.67599517363277,4.238147215758965,6.82522894815061,114.52676139911492,56.46027716301252,4.238147215758965,2.6095109375303602,110.31104338849467
N2,0.5,FWO,523.453,546.963,566.726,545.7139999999999,74.71725625818746,5.428951742252267,5.735883918317839,143.6986285980571,70.17993760498459,5.428951742252267,1.1985652651149623,139.16130994485422
N2,0.5,KAS,523.453,546.963,566.726,545.7139999999999,69.55523196818044,5.609316605306826,-1.7178932488725138,140.8283571852334,65.01791331497756,5.609316605306826,-6.2552119020753905,136.2910385320305
N2,0.5,Starink,523.453,546.963,566.726,545.7139999999999,69.86123584412269,5.6089071047248105,-1.4066861746955936,141.129157862941,65.32391719091981,5.6089071047248105,-5.94400482789847,136.59183920973814
N2,0.6,FWO,563.753,587.802,607.389,586.3146666666667,85.42742781215354,6.854948080093786,-1.6729459493657544,172.52780157367283,80.55253643367857,6.854948080093786,-6.547837327840732,167.65291019519785
N2,0.6,KAS,563.753,587.802,607.389,586.3146666666667,80.14946401308984,7.109068803211258,-10.17981968406481,170.47874771024448,75.27457263461486,7.109068803211258,-15.054711062539788,165.6038563317695
N2,0.6,Starink,563.753,587.802,607.389,586.3146666666667,80.47389250090102,7.107476285264793,-9.835156337179823,170.78294133898186,75.59900112242605,7.107476285264793,-14.7100477156548,165.90804996050687
N2,0.7,FWO,607.702,632.436,651.658,630.5986666666666,97.88002908873676,9.019335668285336,-16.721496496779736,212.48155467425323,92.63694004767949,9.019335668285336,-21.96458553783701,207.23846563319594
N2,0.7,KAS,607.702,632.436,651.658,630.5986666666666,92.5168187345313,9.38607410069828,-26.744560457847825,211.7781979269104,87.27372969347402,9.38607410069828,-31.9876494989051,206.5351088858531
N2,0.7,Starink,607.702,632.436,651.658,630.5986666666666,92.86064908993222,9.382658654668246,-26.357332745923927,212.0786309257884,87.61756004887495,9.382658654668246,-31.6004217869812,206.8355418847311
N2,0.8,FWO,660.802,684.221,701.679,682.234,123.0242066237855,12.434434139270106,-34.97025932826064,281.01867257583166,117.35179753395235,12.434434139270106,-40.6426684180938,275.3462634859985
N2,0.8,KAS,660.802,684.221,701.679,682.234,118.10951160796309,12.986592786472896,-46.900795162290976,283.11981837821713,112.43710251812993,12.986592786472896,-52.573204252124135,277.447409288384
N2,0.8,Starink,660.802,684.221,701.679,682.234,118.46721598558506,12.979986074734628,-46.45914455268965,283.3935765238598,112.7948068957519,12.979986074734628,-52.13155364252281,277.72116743402665
Air,0.2,FWO,408.312,432.578,466.123,435.671,35.96171579516795,1.9808629653423988,10.79246540322131,61.13096618711458,32.33934555185451,1.9808629653423988,7.17009515990787,57.50859594380114
Air,0.2,KAS,408.312,432.578,466.123,435.671,30.57496931133219,2.2200729548040607,2.366267818347485,58.7836708043169,26.95259906801875,2.2200729548040607,-1.2561024249659551,55.16130056100346
Air,0.2,Starink,408.312,432.578,466.123,435.671,30.8405670858709,2.2128544666202363,2.723585181635528,58.95754899010628,27.21819684255746,2.2128544666202363,-0.8987850616779123,55.33517874679284
Air,0.3,FWO,451.49,475.157,507.095,477.914,44.98694091795815,2.3772764731292115,14.78077933588709,75.19310250002921,41.01334283026606,2.3772764731292115,10.807181248195002,71.21950441233713
Air,0.3,KAS,451.49,475.157,507.095,477.914,39.36709584810744,2.6321832466478696,5.922036613070596,72.81215508314429,35.39349776041535,2.6321832466478696,1.9484385253785086,68.83855699545221
Air,0.3,Starink,451.49,475.157,507.095,477.914,39.65373949641367,2.6248318452949926,6.302088672064272,73.00539032076307,35.68014140872158,2.6248318452949926,2.3284905843721844,69.03179223307099
Air,0.4,FWO,491.084,514.572,545.666,517.1073333333334,53.65425165387224,2.7056667501804808,19.275495978218625,88.03300732952584,49.35478206129933,2.7056667501804808,14.976026385645717,83.73353773695294
Air,0.4,KAS,491.084,514.572,545.666,517.1073333333334,47.83368038147454,2.975463156498777,10.026836330056469,85.6405244328926,43.53421078890163,2.975463156498777,5.727366737483561,81.3410548403197
Air,0.4,Starink,491.084,514.572,545.666,517.1073333333334,48.13959240188905,2.9679247472886043,10.4285329212805,85.8506518824976,43.84012280931614,2.9679247472886043,6.129063328707592,81.5511822899247
Air,0.5,FWO,531.126,554.513,585.76,557.133,62.202307317022935,3.434064031032484,18.56838666159083,105.83622797245503,57.57004581518336,3.434064031032484,13.93612515975126,101.20396647061547
Air,0.5,KAS,531.126,554.513,585.76,557.133,56.158220339978406,3.741615615480277,8.616486285617718,103.6999543943391,51.525958838138834,3.741615615480277,3.9842247837781484,99.06769289249954
Air,0.5,Starink,531.126,554.513,585.76,557.133,56.48417727645858,3.733469629583299,9.04594778668288,103.92240676623427,51.85191577461901,3.733469629583299,4.413686284843311,99.29014526439471
Air,0.6,FWO,573.522,597.429,626.959,599.3033333333333,73.63473531995803,2.5932714196983806,40.68409772479999,106.58537291511608,68.6518501580234,2.5932714196983806,35.70121256286536,101.60248775318145
Air,0.6,KAS,573.522,597.429,626.959,599.3033333333333,67.49109507668338,2.855387458069768,31.209957433343483,103.77223272002328,62.50820991474875,2.855387458069768,26.22707227140885,98.78934755808865
Air,0.6,Starink,573.522,597.429,626.959,599.3033333333333,67.83573234999973,2.8480184063628347,31.64822738635958,104.02323731363988,62.8528471880651,2.8480184063628347,26.665342224424947,99.04035215170525
Air,0.7,FWO,618.842,640.572,665.104,641.506,97.4610998633978,1.3836945185511127,79.8795940183647,115.04260570843093,92.12732220707679,1.3836945185511127,74.54581636204368,109.70882805210991
Air,0.7,KAS,618.842,640.572,665.104,641.506,91.86142464664437,1.5664566823446953,71.95770533042369,111.765143962865,86.52764699032335,1.5664566823446953,66.62392767410267,106.43136630654398
Air,0.7,Starink,618.842,640.572,665.104,641.506,92.2143592556258,1.5607756598636409,72.38282417416023,112.04589433709138,86.88058159930478,1.5607756598636409,67.04904651783922,106.71211668077036
Air,0.8,FWO,688.563,700.94,709.022,699.5083333333333,257.1560335188987,33.23968717213778,-165.19423705668356,679.506304094481,251.33999763031204,33.23968717213778,-171.01027294527023,673.6902682058943
Air,0.8,KAS,688.563,700.94,709.022,699.5083333333333,258.9155816046269,34.92217793134525,-184.8127610241676,702.6439242334213,253.0995457160402,34.92217793134525,-190.62879691275427,696.8278883448346
Air,0.8,Starink,688.563,700.94,709.022,699.5083333333333,259.17274603408987,34.896099970318254,-184.22424468279357,702.5697367509733,253.3567101455032,34.896099970318254,-190.04028057138024,696.7537008623866
