atmosphere,alpha,T5_K,T10_K,T20_K,T_mean_K,n_heating_rates
N2,0.2,406.028,426.291,445.526,425.9483333333333,3
N2,0.3,447.288,469.206,489.164,468.55266666666665,3
N2,0.4,485.182,507.994,527.927,507.03433333333334,3
N2,0.5,523.453,546.963,566.726,545.7139999999999,3
N2,0.6,563.753,587.802,607.389,586.3146666666667,3
N2,0.7,607.702,632.436,651.658,630.5986666666666,3
N2,0.8,660.802,684.221,701.679,682.234,3
Air,0.2,408.312,432.578,466.123,435.671,3
Air,0.3,451.49,475.157,507.095,477.914,3
Air,0.4,491.084,514.572,545.666,517.1073333333334,3
Air,0.5,531.126,554.513,585.76,557.133,3
Air,0.6,573.522,597.429,626.959,599.3033333333333,3
Air,0.7,618.842,640.572,665.104,641.506,3
Air,0.8,688.563,700.94,709.022,699.5083333333333,3
