atmosphere,alpha,FWO,KAS,Starink
Air,0.2,0.9969750906559872,0.9947553235064803,0.994878102690424
Air,0.3,0.9972153193219345,0.9955493006560086,0.9956374951981263
Air,0.4,0.997463485602057,0.9961455328285177,0.9962133661149578
Air,0.5,0.9969613400220154,0.9955805515753618,0.9956501089796782
Air,0.6,0.9987612257735555,0.9982132636139003,0.9982404415099241
Air,0.7,0.9997984743667927,0.9997093005841828,0.9997136089342735
Air,0.8,0.983566720396117,0.9821328006586051,0.9821937570896444
N2,0.2,0.9982595073270533,0.9978741490834594,0.9978926788917021
N2,0.3,0.9972272337014331,0.9965705231395688,0.9966020217338539
N2,0.4,0.9960383724565127,0.9951001896661554,0.9951448287725007
N2,0.5,0.9947482587671376,0.9935383277505551,0.9935953776164389
N2,0.6,0.9936022649285592,0.9921941383961327,0.9922599054735717
N2,0.7,0.991580450075324,0.9898122239778521,0.9898940506418765
N2,0.8,0.9898875412047403,0.9880545742988068,0.9881376823523375
