atmosphere,beta_C_per_min,threshold_fraction_nominal,onset_time_s,onset_temperature_K,normalized_rate_at_onset,verified_duration_s,slope_window_s,required_sustained_s
N2,5,0.8,1834.0,326.352,0.8102571428571407,70.0,60.0,60.0
N2,5,0.9,1862.0,328.48199999999997,0.9298285714285678,70.0,60.0,60.0
N2,5,0.95,2044.0,342.83799999999997,0.9537428571428531,70.0,60.0,60.0
N2,10,0.8,1824.0,327.10499999999996,0.8125446428571393,64.0,60.0,60.0
N2,10,0.9,1832.0,328.335,0.9017946428571436,64.0,60.0,60.0
N2,10,0.95,1856.0,332.125,0.9523392857142896,64.0,60.0,60.0
N2,20,0.8,1820.0,329.479,0.8036637362637368,60.0,60.0,60.0
N2,20,0.9,1830.0,332.79699999999997,0.9405494505494513,60.0,60.0,60.0
N2,20,0.95,1835.0,334.457,0.9710373626373625,60.0,60.0,60.0
Air,5,0.8,1834.0,326.26399999999995,0.8045999999999952,70.0,60.0,60.0
Air,5,0.9,1862.0,328.364,0.9239142857142854,70.0,60.0,60.0
Air,5,0.95,2072.0,344.957,0.9509142857142804,70.0,60.0,60.0
Air,10,0.8,1824.0,327.097,0.8120357142857166,64.0,60.0,60.0
Air,10,0.9,1832.0,328.318,0.9029464285714282,64.0,60.0,60.0
Air,10,0.95,1856.0,332.131,0.952633928571427,64.0,60.0,60.0
Air,20,0.8,1825.0,331.02299999999997,0.8732340659340663,60.0,60.0,60.0
Air,20,0.9,1830.0,332.667,0.9309032967032973,60.0,60.0,60.0
Air,20,0.95,1835.0,334.296,0.9622912087912102,60.0,60.0,60.0
