atmosphere,beta_C_per_min,threshold_fraction_nominal,onset_time_s,onset_temperature_K,principal_peak_temperature_K,principal_peak_dtg_pct_per_K,integrated_ramp_mass_loss_pct,onset_temperature_K_ref90,peak_temperature_K_ref90,peak_dtg_ref90,integrated_loss_ref90,delta_onset_temperature_vs_90_K,delta_peak_temperature_vs_90_K,delta_peak_height_relative_pct_vs_90,delta_integrated_loss_vs_90_pct_point
N2,5,0.8,1834.0,326.352,720.0,0.28630461545181607,88.46460386889893,328.48199999999997,720.0,0.28630461545181607,86.98347688434333,-2.1299999999999955,0.0,0.0,1.4811269845556012
N2,5,0.9,1862.0,328.48199999999997,720.0,0.28630461545181607,86.98347688434333,328.48199999999997,720.0,0.28630461545181607,86.98347688434333,0.0,0.0,0.0,0.0
N2,5,0.95,2044.0,342.83799999999997,720.0,0.28630461545181607,86.7420177307441,328.48199999999997,720.0,0.28630461545181607,86.98347688434333,14.355999999999995,0.0,0.0,-0.2414591535992372
N2,10,0.8,1824.0,327.10499999999996,734.0,0.3121829288223168,87.50713620051754,328.335,734.0,0.3121829288223168,87.0463548012875,-1.2300000000000182,0.0,0.0,0.46078139923002936
N2,10,0.9,1832.0,328.335,734.0,0.3121829288223168,87.0463548012875,328.335,734.0,0.3121829288223168,87.0463548012875,0.0,0.0,0.0,0.0
N2,10,0.95,1856.0,332.125,734.0,0.3121829288223168,86.92925012299668,328.335,734.0,0.3121829288223168,87.0463548012875,3.7900000000000205,0.0,0.0,-0.11710467829082916
N2,20,0.8,1820.0,329.479,746.0,0.3245101646672417,86.71224057747936,332.79699999999997,746.0,0.3245101646672417,86.71224057747938,-3.3179999999999836,0.0,0.0,-1.4210854715202004e-14
N2,20,0.9,1830.0,332.79699999999997,746.0,0.3245101646672417,86.71224057747938,332.79699999999997,746.0,0.3245101646672417,86.71224057747938,0.0,0.0,0.0,0.0
N2,20,0.95,1835.0,334.457,746.0,0.3245101646672417,86.71224057747938,332.79699999999997,746.0,0.3245101646672417,86.71224057747938,1.660000000000025,0.0,0.0,0.0
Air,5,0.8,1834.0,326.26399999999995,677.0,0.5944726883186995,90.73146791744163,328.364,677.0,0.5944726883186995,89.13715133688777,-2.1000000000000227,0.0,0.0,1.5943165805538655
Air,5,0.9,1862.0,328.364,677.0,0.5944726883186995,89.13715133688777,328.364,677.0,0.5944726883186995,89.13715133688777,0.0,0.0,0.0,0.0
Air,5,0.95,2072.0,344.957,677.0,0.5944726883186995,88.87332279224398,328.364,677.0,0.5944726883186995,89.13715133688777,16.593000000000018,0.0,0.0,-0.26382854464378624
Air,10,0.8,1824.0,327.097,668.0,0.2809622156478415,90.9789420163155,328.318,668.0,0.2809622156478415,90.40011039444313,-1.2210000000000036,0.0,0.0,0.5788316218723679
Air,10,0.9,1832.0,328.318,668.0,0.2809622156478415,90.40011039444313,328.318,668.0,0.2809622156478415,90.40011039444313,0.0,0.0,0.0,0.0
Air,10,0.95,1856.0,332.131,668.0,0.2809622156478415,90.13312137398297,328.318,668.0,0.2809622156478415,90.40011039444313,3.812999999999988,0.0,0.0,-0.2669890204601586
Air,20,0.8,1825.0,331.02299999999997,635.0,0.27270184361131555,92.42851283208117,332.667,635.0,0.27270184361131555,92.54405851193118,-1.6440000000000055,0.0,0.0,-0.1155456798500154
Air,20,0.9,1830.0,332.667,635.0,0.27270184361131555,92.54405851193118,332.667,635.0,0.27270184361131555,92.54405851193118,0.0,0.0,0.0,0.0
Air,20,0.95,1835.0,334.296,635.0,0.27270184361131555,92.94003024968877,332.667,635.0,0.27270184361131555,92.54405851193118,1.629000000000019,0.0,0.0,0.3959717377575913
