atmosphere,alpha,model,T5_K,T10_K,T20_K,slope,intercept,R2,SE_slope,Ea_kJ_mol,SE_Ea_kJ_mol,t_critical_95,CI95_lower_kJ_mol,CI95_upper_kJ_mol,CI95_half_width_kJ_mol,n,dof,region
N2,0.2,FWO,406.028,426.291,445.526,-6338.008887555863,17.2037461000131,0.9982595073270533,264.647146698007,50.092336472534434,2.091633848119293,12.706204736174694,23.515608565217775,76.6690643798511,26.57672790731666,3,1,main_region
N2,0.2,KAS,406.028,426.291,445.526,-5488.150118478295,3.098460845383094,0.9978741490834594,253.31126199996453,45.631019002901056,2.1061470186559266,12.706204736174694,18.86988377937491,72.39215422642721,26.761135223526146,3,1,main_region
N2,0.2,Starink,406.028,426.291,445.526,-5522.1444692413925,3.662672255568284,0.9978926788917021,253.76469738789635,45.87696219179579,2.108230505833966,12.706204736174694,19.08935375362028,72.66457062997131,26.78760843817551,3,1,main_region
N2,0.3,FWO,447.288,469.206,489.164,-7223.1416296279995,17.73906529128844,0.9972272337014331,380.87783401707003,57.087966791985245,3.010260943933558,12.706204736174694,18.838974929054963,95.33695865491552,38.24899186293028,3,1,main_region
N2,0.3,KAS,447.288,469.206,489.164,-6288.569981017862,3.44384301444302,0.9965705231395688,368.90268656160913,52.28608002881364,3.067227597152801,12.706204736174694,13.313258206944994,91.25890185068229,38.97282182186865,3,1,main_region
N2,0.3,Starink,447.288,469.206,489.164,-6325.9528469622555,4.01565190551681,0.9966020217338539,369.3816924598308,52.554854586598466,3.0687552695717826,12.706204736174694,13.56262184620443,91.54708732699251,38.99223274039404,3,1,main_region
N2,0.4,FWO,485.182,507.994,527.927,-8274.176095361741,18.640802727651963,0.9960383724565127,521.8233947481901,65.39479832785393,4.124221586417917,12.706204736174694,12.991594473476681,117.79800218223119,52.40320385437725,3,1,main_region
N2,0.4,KAS,485.182,507.994,527.927,-7263.037402236152,4.188236836245874,0.9951001896661554,509.6529129421872,60.388252975141306,4.237490092890723,12.706204736174694,6.545836287359862,114.23066966292275,53.842416687781444,3,1,main_region
N2,0.4,Starink,485.182,507.994,527.927,-7303.482949961166,4.7663394719021035,0.9951448287725007,510.13973221442865,60.675995173632764,4.238147215758965,12.706204736174694,6.82522894815061,114.52676139911492,53.850766225482154,3,1,main_region
N2,0.5,FWO,523.453,546.963,566.726,-9453.714231873226,19.64444554969989,0.9947482587671376,686.9063576495984,74.71725625818746,5.428951742252267,12.706204736174694,5.735883918317839,143.6986285980571,68.98137233986962,3,1,main_region
N2,0.5,KAS,523.453,546.963,566.726,-8365.571554356166,5.0452241816138095,0.9935383277505551,674.6457183005213,69.55523196818044,5.609316605306826,12.706204736174694,-1.7178932488725138,140.8283571852334,71.27312521705295,3,1,main_region
N2,0.5,Starink,523.453,546.963,566.726,-8409.097261456876,5.629193036337301,0.9935953776164389,675.1361438744917,69.86123584412269,5.6089071047248105,12.706204736174694,-1.4066861746955936,141.12915786294099,71.26792201881828,3,1,main_region
N2,0.6,FWO,563.753,587.802,607.389,-10808.834940477109,20.754963254712337,0.9936022649285592,867.3327082514948,85.42742781215354,6.854948080093786,12.706204736174694,-1.6729459493657544,172.52780157367283,87.1003737615193,3,1,main_region
N2,0.6,KAS,563.753,587.802,607.389,-9639.764792266535,6.012393100955412,0.9921941383961327,855.0244471229919,80.14946401308984,7.109068803211258,12.706204736174694,-10.17981968406481,170.47874771024448,90.32928369715465,3,1,main_region
N2,0.6,Starink,563.753,587.802,607.389,-9686.527598194965,6.6020959071057,0.9922599054735717,855.516777568114,80.47389250090102,7.107476285264793,12.706204736174694,-9.835156337179825,170.78294133898186,90.30904883808084,3,1,main_region
N2,0.7,FWO,607.702,632.436,651.658,-12384.41921388085,21.957807242895132,0.991580450075324,1141.1851323163046,97.88002908873675,9.019335668285336,12.706204736174694,-16.721496496779736,212.48155467425323,114.60152558551648,3,1,main_region
N2,0.7,KAS,607.702,632.436,651.658,-11127.215670263076,7.0699862300624945,0.9898122239778521,1128.885236696519,92.5168187345313,9.38607410069828,12.706204736174694,-26.744560457847825,211.77819792691042,119.26137919237912,3,1,main_region
N2,0.7,Starink,607.702,632.436,651.658,-11177.503812007795,7.665499070575807,0.9898940506418765,1129.3772325213324,92.86064908993222,9.382658654668246,12.706204736174694,-26.357332745923927,212.0786309257884,119.21798183585615,3,1,main_region
N2,0.8,FWO,660.802,684.221,701.679,-15565.82443291671,25.13236648079738,0.9898875412047403,1573.2856487864794,123.0242066237855,12.434434139270106,12.706204736174694,-34.97025932826064,281.01867257583166,157.99446595204614,3,1,main_region
N2,0.8,KAS,660.802,684.221,701.679,-14205.309114035908,10.086811436043464,0.9880545742988068,1561.9280984099732,118.10951160796309,12.986592786472897,12.706204736174694,-46.900795162290976,283.11981837821713,165.01030677025406,3,1,main_region
N2,0.8,Starink,660.802,684.221,701.679,-14259.729726791147,10.688633637833634,0.9881376823523375,1562.3824004250268,118.46721598558506,12.979986074734628,12.706204736174694,-46.45914455268965,283.3935765238598,164.9263605382747,3,1,main_region
Air,0.2,FWO,408.312,432.578,466.123,-4550.110663065276,12.777221711163637,0.9969750906559872,250.6316926592978,35.96171579516795,1.9808629653423988,12.706204736174694,10.79246540322131,61.13096618711458,25.169250391946637,3,1,main_region
Air,0.2,KAS,408.312,432.578,466.123,-3677.323564432998,-1.3828174527816495,0.9947553235064803,267.01340264094785,30.57496931133219,2.2200729548040607,12.706204736174694,2.3662678183474846,58.7836708043169,28.208701492984705,3,1,main_region
Air,0.2,Starink,408.312,432.578,466.123,-3712.235048378292,-0.816415886223834,0.994878102690424,266.358134241685,30.8405670858709,2.2128544666202363,12.706204736174694,2.723585181635528,58.957548990106275,28.116981904235374,3,1,main_region
Air,0.3,FWO,451.49,475.157,507.095,-5692.040967550084,14.239692638650139,0.9972153193219345,300.78851329148375,44.98694091795815,2.3772764731292115,12.706204736174694,14.78077933588709,75.19310250002921,30.20616158207106,3,1,main_region
Air,0.3,KAS,451.49,475.157,507.095,-4734.773328844604,-0.1044464696120657,0.9955493006560086,316.5788779783479,39.36709584810744,2.6321832466478696,12.706204736174694,5.9220366130705955,72.81215508314429,33.445059235036844,3,1,main_region
Air,0.3,Starink,451.49,475.157,507.095,-4773.064034392821,0.4693190947184191,0.9956374951981263,315.9472633908729,39.65373949641367,2.6248318452949926,12.706204736174694,6.302088672064272,73.00539032076307,33.3516508243494,3,1,main_region
Air,0.4,FWO,491.084,514.572,545.666,-6788.68561109854,15.455204170447931,0.997463485602057,342.3385914292658,53.65425165387224,2.7056667501804808,12.706204736174694,19.275495978218622,88.03300732952584,34.378755675653615,3,1,main_region
Air,0.4,KAS,491.084,514.572,545.666,-5753.0693898409845,0.9541293094055324,0.9961455328285177,357.86596117497123,47.83368038147454,2.975463156498777,12.706204736174694,10.026836330056469,85.6405244328926,37.80684405141807,3,1,main_region
Air,0.4,Starink,491.084,514.572,545.666,-5794.494038691293,1.534172303847236,0.9962133661149578,357.2448663851447,48.13959240188905,2.9679247472886043,12.706204736174694,10.4285329212805,85.8506518824976,37.71105948060855,3,1,main_region
Air,0.5,FWO,531.126,554.513,585.76,-7870.241325595444,16.451601237984537,0.9969613400220154,434.5001627355432,62.202307317022935,3.434064031032484,12.706204736174694,18.56838666159083,105.83622797245505,43.63392065543211,3,1,main_region
Air,0.5,KAS,531.126,554.513,585.76,-6754.281415297522,1.8013434290469441,0.9955805515753618,450.0129217384518,56.158220339978406,3.741615615480277,12.706204736174694,8.616486285617718,103.6999543943391,47.54173405436069,3,1,main_region
Air,0.5,Starink,531.126,554.513,585.76,-6798.919811709457,2.387353741404478,0.9956501089796782,449.39241137834176,56.48417727645858,3.733469629583299,12.706204736174694,9.04594778668288,103.92240676623427,47.4382294897757,3,1,main_region
Air,0.6,FWO,573.522,597.429,626.959,-9316.746627432867,17.86916676614677,0.9987612257735555,328.117601679548,73.63473531995803,2.5932714196983806,12.706204736174694,40.68409772479999,106.58537291511607,32.950637595158035,3,1,main_region
Air,0.6,KAS,573.522,597.429,626.959,-8117.312949285243,3.074923601892032,0.9982132636139003,343.4241741415141,67.49109507668338,2.8553874580697673,12.706204736174694,31.209957433343483,103.77223272002328,36.281137643339896,3,1,main_region
Air,0.6,Starink,573.522,597.429,626.959,-8165.29029641113,3.6666933284621965,0.9982404415099241,342.81191124304024,67.83573234999973,2.8480184063628347,12.706204736174694,31.64822738635958,104.02323731363988,36.18750496364015,3,1,main_region
Air,0.7,FWO,618.842,640.572,665.104,-12331.413557917667,21.541852537191403,0.9997984743667927,175.07404872295768,97.4610998633978,1.3836945185511127,12.706204736174694,79.8795940183647,115.04260570843091,17.58150584503311,3,1,main_region
Air,0.7,KAS,618.842,640.572,665.104,-11048.389879831833,6.613330261158252,0.9997093005841828,188.4014342580119,91.86142464664435,1.5664566823446953,12.706204736174694,71.95770533042369,111.76514396286501,19.903719316220666,3,1,main_region
Air,0.7,Starink,618.842,640.572,665.104,-11099.71082695526,7.210471152199563,0.9997136089342735,187.86833883660893,92.21435925562581,1.5607756598636409,12.706204736174694,72.38282417416023,112.04589433709138,19.831535081465578,3,1,main_region
Air,0.8,FWO,688.563,700.94,709.022,-32537.057376531877,48.82351703625737,0.983566720396117,4205.70186084448,257.1560335188987,33.23968717213778,12.706204736174694,-165.19423705668356,679.506304094481,422.3502705755823,3,1,late_residue_oxidation
Air,0.8,KAS,688.563,700.94,709.022,-31140.386756845593,33.725970666049605,0.9821328006586051,4200.172583024008,258.9155816046269,34.92217793134525,12.706204736174694,-184.81276102416757,702.6439242334213,443.72834262879445,3,1,late_residue_oxidation
Air,0.8,Starink,688.563,700.94,709.022,-31196.253581633053,34.32987252085793,0.9821937570896444,4200.393754136768,259.17274603408987,34.896099970318254,12.706204736174694,-184.22424468279354,702.5697367509733,443.3969907168834,3,1,late_residue_oxidation
