atmosphere,sg_window,alpha,T5,T10,T20,Ea_kJ_mol,delta_Ea_vs_SG21
N2,15,0.2,406.0274782375422,426.2985617502489,445.5267559001424,45.628399385040275,-0.004416181923218687
N2,15,0.3,447.29358182766487,469.208842541208,489.1681887018283,52.289608975355534,0.0008991077701239192
N2,15,0.4,485.18743045122716,508.00234442870317,527.9309650589828,60.39098059965906,-0.0012984027086275773
N2,15,0.5,523.4562261894595,546.9806322187109,566.7314546511486,69.54840134567085,-0.009376862737795477
N2,15,0.6,563.7670482626512,587.8219360576676,607.3944651008067,80.16611847954793,0.011627413592577795
N2,15,0.7,607.7037268651695,632.4487886300697,651.6661279198772,92.49963864788256,-0.023676239610750827
N2,15,0.8,660.8165261661085,684.2450947634856,701.6885453992611,118.1207596701121,-0.00410879952798382
N2,21,0.2,406.0312758419575,426.2963373064262,445.5281608493603,45.632815566963494,0.0
N2,21,0.3,447.29168349534865,469.2128017196727,489.1658390887048,52.28870986758541,0.0
N2,21,0.4,485.1871405791945,508.0033543872656,527.9294546503778,60.39227900236769,0.0
N2,21,0.5,523.4587199191037,546.975196923573,566.7298103380515,69.55777820840865,0.0
N2,21,0.6,563.760595224946,587.8169727295593,607.3933551328572,80.15449106595536,0.0
N2,21,0.7,607.7120251476648,632.4556607353859,651.663832965446,92.52331488749331,0.0
N2,21,0.8,660.8160426922758,684.2458053197312,701.6860694383416,118.12486846964008,0.0
N2,31,0.2,406.0251823777487,426.2932857146384,445.52917818368235,45.622760480981235,-0.010055085982259016
N2,31,0.3,447.28923656257786,469.21892038025624,489.167721269688,52.28131726422829,-0.0073926033571183325
N2,31,0.4,485.18719483246485,508.00541761565114,527.928305093414,60.393479215940985,0.0012002135732984698
N2,31,0.5,523.4520664657961,546.9683039475783,566.7284167772106,69.54799469629556,-0.009783512113088477
N2,31,0.6,563.7637492897842,587.8150190599314,607.3929650363845,80.16341748929678,0.008926423341421241
N2,31,0.7,607.7052526915576,632.4618306582095,651.6606550462787,92.5079540281193,-0.015360859374013103
N2,31,0.8,660.8152623407314,684.2512256973931,701.6825721386391,118.12710479243549,0.0022363227954116383
Air,15,0.2,408.18579488210025,432.4172411707182,466.01895351510365,30.53854190536014,-0.0015674022612977012
Air,15,0.3,451.3970579275169,475.045873179309,507.01757309385005,39.3357575416513,-0.0010815368990151342
Air,15,0.4,491.0103687477506,514.4636514911508,545.6017540825478,47.80522667404054,6.497978031205776e-05
Air,15,0.5,531.0602074278594,554.4227590508465,585.6976142617779,56.13609368387569,0.0042398945299098045
Air,15,0.6,573.4673853816663,597.3546467544828,626.9266911439879,67.44457849496754,-0.006651345027520961
Air,15,0.7,618.8569918075028,640.5688364957837,665.0869300161928,91.9321104826596,0.11625411512319772
Air,15,0.8,689.2757645599957,700.7848719961737,708.9967293660964,270.925898834681,12.546036587873687
Air,21,0.2,408.18813289768326,432.42372378615823,466.0199318855945,30.54010930762144,0.0
Air,21,0.3,451.3991813846739,475.04266808253215,507.01811697657274,39.33683907855031,0.0
Air,21,0.4,491.0084220403607,514.4753740639438,545.6012161857103,47.80516169426023,0.0
Air,21,0.5,531.0600533488678,554.4286615528412,585.7019217160833,56.13185378934578,0.0
Air,21,0.6,573.466095238988,597.3548849164478,626.920510177248,67.45122983999507,0.0
Air,21,0.7,618.7989674466753,640.5184017629416,665.076042738621,91.8158563675364,0.0
Air,21,0.8,688.5040052173734,700.8954362392004,709.0043811866487,258.3798622468073,0.0
Air,31,0.2,408.1850100255796,432.43413369754165,466.0213788453793,30.538003383548393,-0.002105924073045884
Air,31,0.3,451.39905042617886,475.03334921504097,507.0145306794136,39.33860682783713,0.0017677492868202194
Air,31,0.4,491.0114603351186,514.4893242913142,545.5993233110864,47.81201451343277,0.006852819172543434
Air,31,0.5,531.0557342783491,554.4323606920062,585.7060731368222,56.122377681802696,-0.009476107543086698
Air,31,0.6,573.4638259630773,597.3464737268725,626.9053244732321,67.46782168443144,0.016591844436376846
Air,31,0.7,618.6122258918227,640.3270367575398,665.0641459448585,91.3923088404346,-0.4235475271018032
Air,31,0.8,687.8837190442106,701.1058067649811,708.9942738221325,248.51083264397352,-9.869029602833791
