Atmosphere,Train_betas,Test_beta,Holdout_type,Model,Feature_set,R2,RMSEP,MAE
N2,"5,20",10,Intermediate-rate holdout,RF,T only,0.9998401494332434,0.40851706398808996,0.3216842084284799
N2,"5,20",10,Intermediate-rate holdout,GBR,T only,0.9998768641852473,0.35854635015032654,0.3014423184452971
N2,"5,20",10,Intermediate-rate holdout,RF,T + beta,0.9873344231868838,3.6363493365619957,2.7529718516402193
N2,"5,20",10,Intermediate-rate holdout,GBR,T + beta,0.9870283283818998,3.680027674680987,2.7805179327011804
N2,"5,10",20,Upper-bound holdout,RF,T only,0.9765450982596898,5.060453944662361,3.97554805675204
N2,"5,10",20,Upper-bound holdout,GBR,T only,0.9762172293391775,5.095700468466235,4.000126238938053
N2,"5,10",20,Upper-bound holdout,RF,T + beta,0.9902706996987608,3.259218463383764,2.600903734449673
N2,"5,10",20,Upper-bound holdout,GBR,T + beta,0.990115692088216,3.2850788691129584,2.610956277753958
N2,"10,20",5,Lower-bound holdout,RF,T only,0.9708252144869027,5.332152994517262,4.112939529666982
N2,"10,20",5,Lower-bound holdout,GBR,T only,0.9712107396702099,5.296805423432916,4.086625246131636
N2,"10,20",5,Lower-bound holdout,RF,T + beta,0.9857581051437174,3.7254835809180404,2.8235844193322817
N2,"10,20",5,Lower-bound holdout,GBR,T + beta,0.9861254325171723,3.677125841577733,2.7837470687991432
Air,"5,20",10,Intermediate-rate holdout,RF,T only,0.9988793150942071,1.078396503016219,0.83144945962542
Air,"5,20",10,Intermediate-rate holdout,GBR,T only,0.9990462347612669,0.99484965703019,0.7756416483248677
Air,"5,20",10,Intermediate-rate holdout,RF,T + beta,0.9875712519032798,3.5912893907681043,2.7951272989018774
Air,"5,20",10,Intermediate-rate holdout,GBR,T + beta,0.9875531190074505,3.5939081879862167,2.7986536137459987
Air,"5,10",20,Upper-bound holdout,RF,T only,0.9632968982747178,6.5019819021944905,5.187476255505649
Air,"5,10",20,Upper-bound holdout,GBR,T only,0.9628485866196308,6.541570751555519,5.218375002315261
Air,"5,10",20,Upper-bound holdout,RF,T + beta,0.9799295709178412,4.808091249837259,3.824444103933097
Air,"5,10",20,Upper-bound holdout,GBR,T + beta,0.979649680967913,4.841500529243083,3.870449209143481
Air,"10,20",5,Lower-bound holdout,RF,T only,0.9624753650190058,5.986873182758155,4.7358956034347965
Air,"10,20",5,Lower-bound holdout,GBR,T only,0.9631374515199786,5.933821788869439,4.694678818129626
Air,"10,20",5,Lower-bound holdout,RF,T + beta,0.985890391643353,3.671126081061232,2.8663968358915692
Air,"10,20",5,Lower-bound holdout,GBR,T + beta,0.9861603718499877,3.6358338723049246,2.8578511438474914
