Atmosphere,Train_betas,Test_beta,Holdout_type,Baseline,R2,RMSEP,MAE
N2,"5,20",10,Intermediate-rate holdout,Nearest-rate,0.9870582735003788,3.675777546400065,2.782054483775811
N2,"5,20",10,Intermediate-rate holdout,Linear-beta,0.9981591693368481,1.386308964834581,1.0670472468043264
N2,"5,10",20,Upper-bound holdout,Nearest-rate,0.9901862779728243,3.2733281395256757,2.60944790560472
N2,"5,10",20,Upper-bound holdout,Linear-beta,0.9841577363233351,4.158926894503742,3.2011417404129787
N2,"10,20",5,Lower-bound holdout,Nearest-rate,0.9861356054530882,3.675777546400065,2.782054483775811
N2,"10,20",5,Lower-bound holdout,Linear-beta,0.9955628404085297,2.0794634472518716,1.6005708702064896
Air,"5,20",10,Intermediate-rate holdout,Nearest-rate,0.9873182359292942,3.62765973228168,2.8257286135693214
Air,"5,20",10,Intermediate-rate holdout,Linear-beta,0.9988283660162797,1.1026373252167478,0.9146049606686333
Air,"5,10",20,Upper-bound holdout,Nearest-rate,0.9798133241793164,4.821995236252034,3.835500870206489
Air,"5,10",20,Upper-bound holdout,Linear-beta,0.990500097600741,3.307911975650243,2.7438148820058994
Air,"10,20",5,Lower-bound holdout,Nearest-rate,0.9862225308458621,3.62765973228168,2.8257286135693214
Air,"10,20",5,Lower-bound holdout,Linear-beta,0.9971360577513936,1.6539559878251215,1.3719074410029497
