max_depth,n_estimators,Train_R2,Test_R2
1,1,0.15421928073406033,0.15487973157239365
1,2,0.2800198063715581,0.28138991251297707
1,3,0.38512583079483875,0.3870308863235469
1,5,0.5459804545622697,0.5490382803474443
1,10,0.7760133541488761,0.7816080334766946
1,20,0.9336753008251406,0.9421747658841846
1,30,0.9727040075498582,0.9827887585574983
1,50,0.9899257357368664,0.9933109084270697
1,100,0.9946900953225205,0.9930373238286092
2,1,0.18170165972898722,0.1825675453626825
2,2,0.32928259922992786,0.3309627850112553
2,3,0.4496261749933138,0.4521403134923806
2,5,0.6280011108987009,0.6319645504934286
2,10,0.8558742444619373,0.8625895516924605
2,20,0.9712254417322064,0.9745439064802507
2,30,0.99135017063434,0.988977710378012
2,50,0.9973781165871253,0.9909572701843967
2,100,0.9985175182485031,0.9902639576978565
3,1,0.18635783657309302,0.18720825453421286
3,2,0.3374622291985614,0.3391413380461272
3,3,0.46009095218665663,0.4625579815174369
3,5,0.640886726420886,0.638707253565043
3,10,0.8693609472840786,0.8602261634653211
3,20,0.9813597503218254,0.9709733873441824
3,30,0.996712231125481,0.9855781295068263
3,50,0.9993915675353514,0.9874096946898351
3,100,0.9996840410720929,0.9871129368373571
4,1,0.1885962421114169,0.18289868254377173
4,2,0.34149539132188156,0.33121828309098
4,3,0.46561394176808624,0.45269911230899496
4,5,0.6480587859216305,0.6318409770975408
4,10,0.8760150337862558,0.85647127045892
4,20,0.9844656810721857,0.967672763518374
4,30,0.9979875928339409,0.9835682035433938
4,50,0.9999098512934905,0.9868282431554509
4,100,0.9999727994053006,0.9870283283818998
5,1,0.1896356889707851,0.18352082343882825
5,2,0.34328741357122705,0.33247561718492136
5,3,0.46781526867405443,0.4537720161751926
5,5,0.6505183784259974,0.6320131919008526
5,10,0.877856812662597,0.8567183360281462
5,20,0.9850706648054389,0.967589058213146
5,30,0.9981686899942066,0.983429482384105
5,50,0.9999662972810386,0.9867951961728476
5,100,0.9999958646279994,0.9870592276973029
6,1,0.18990035622819068,0.18377989638686787
6,2,0.34373026237936954,0.33308782288894523
6,3,0.46835033179045604,0.4538777524913735
6,5,0.6510998239478807,0.632144523760263
6,10,0.878268058283672,0.8567278542147643
6,20,0.98517981433959,0.9675650254007832
6,30,0.9981944800465696,0.9834069920573911
6,50,0.9999723482747808,0.9867949634070051
6,100,0.9999996728679673,0.9870600991859165
7,1,0.18997484283174026,0.18349249733370032
7,2,0.34385777574392073,0.3325636272921746
7,3,0.46850849999761635,0.45361216060610265
7,5,0.6512682378782391,0.6318689321813054
7,10,0.8783867845172588,0.8565571525196416
7,20,0.9852101719264721,0.9675116982394708
7,30,0.9982012653546919,0.9833972500317765
7,50,0.9999733116331879,0.9867938864504808
7,100,0.9999999870878836,0.9870573002025677
