Atmosphere,Model,R2,RMSEP,MAE
N2,RF,0.9999830963889403,0.1314627228375746,0.0860747191023992
N2,GBR,0.9998897233010585,0.3357799468809463,0.2349644664774215
N2,SVR,0.9489052881849015,7.227712255339293,6.159903331867615
N2,MLR,0.9177891536170594,9.168059794381291,8.015732425274173
N2,PLSR,0.9177891536170594,9.168059794381291,8.015732425274173
Air,RF,0.9999717354850168,0.1717339544626248,0.10051305660121988
Air,GBR,0.9997540980213868,0.50654311099963,0.39232020433003345
Air,SVR,0.9700656533043441,5.588822205588189,4.7069655657735705
Air,MLR,0.9461825677034535,7.493710103463839,6.556643443312679
Air,PLSR,0.9461825677034537,7.493710103463837,6.55664344331267
