n_estimators,max_depth,Train_R2,Test_R2
10,1,0.8301250924321264,0.8390970261917561
10,2,0.9671212209743345,0.9785834409632251
10,3,0.9858350661443825,0.99738989968724
10,4,0.9972784250857372,0.9881137431984691
10,5,0.9996045537766964,0.9883621984003277
10,6,0.9998963691369385,0.9877873973549666
10,7,0.9999728985172261,0.9874923610278193
10,8,0.999990998317851,0.9873997874721766
10,9,0.9999947117684145,0.9873453366439309
10,10,0.9999955520487789,0.9873180988820897
30,1,0.8326493732563611,0.8417393857749654
30,2,0.9670559953100484,0.9786512452860924
30,3,0.9857621385894411,0.9973880981973278
30,4,0.9972657029606331,0.9884900779319412
30,5,0.9997061705888477,0.9886302327396443
30,6,0.9999193526647954,0.9878967010258511
30,7,0.9999840851754097,0.9875463991452876
30,8,0.9999936896633425,0.9874304009515572
30,9,0.9999960612756685,0.9873679252718329
30,10,0.9999966828725885,0.9873357401658891
100,1,0.8336767639054425,0.8427747141817268
100,2,0.967488010469476,0.9790883050589066
100,3,0.9859844682093667,0.9975046655337535
100,4,0.9974408411599021,0.9886301832305735
100,5,0.9997563983654396,0.9885458037357528
100,6,0.9999376082902781,0.9878466753289596
100,7,0.9999884147270738,0.9875292354819154
100,8,0.9999953587330076,0.9874214753998416
100,9,0.9999971637604252,0.9873661762509299
100,10,0.9999976592041837,0.9873344231868838
